,,,2D Analysis of MBP (-debris) area,,,,,,,,,,,,,,3D Wrappiing Analysis of the 2D images,,,,group averages,,,,,,,,,
Well,[debris],[stim],nuclei,MBP-count,MBP-area,MBP-int,MBP-circ,debris-count,debris-area,debris-int,debris-circ,subtracted-count,subtracted-area,subtr-area-per-nuclei,subtracted-int,subtracted-circ,80-wrapped-cond (Ezra algo),80-wrapped-uc (Ezra algo),2D wrapping index (OG algo),,[debris],[stim],nuclei,MBP-area,debris-area,subtracted-area,subtr-area-per-nuclei,2D wrapping index,area SEM,WI SEM
B2,0,0.050777778,5155,263,24126,22601.9,0.778,7839,52982,1718.9,0.988,255,23251,4.51,22430.53,0.753,12,0,0.000969932,,0,0.050666667,5634,23727.66667,37654,23128.33333,4.129552686,0.000956792,0.294695036,0.000262499
C2,0,0.050777778,5695,269,25091,22843.28,0.782,3835,19670,7211.93,0.86,267,24652,4.33,22667.49,0.774,18,2,0.001404741,,0,0.152,5288.333333,145295.3333,1929.333333,145104.3333,27.47269552,0.045712944,1.149520664,0.005831419
D2,0,0.050777778,6052,288,21966,18506.49,0.813,6747,40310,1466.76,0.984,284,21482,3.55,18360.25,0.806,10,0,0.000495704,,0,0.457,5274.666667,141336.3333,525.6666667,140945.6667,26.71883089,0.052422323,0.475652343,0.005573787
B3,0,0.152333333,5175,1796,154226,22000.65,0.785,1074,3653,758.9,0.971,1796,153789,29.72,21938.17,0.783,530,66,0.039806763,,0,1.37,5390.333333,133359.3333,203.6666667,133160,24.71799079,0.07030899,0.324446343,0.006448814
C3,0,0.152333333,5159,1795,138277,20090.77,0.793,225,2024,3382.14,0.834,1795,138155,26.78,20072.84,0.793,669,84,0.05737546,,0,4.12,5513.666667,141990.3333,217.3333333,141983.3333,25.82013053,0.083107635,0.896931841,0.00966584
D3,0,0.152333333,5531,1943,143383,19174.55,0.79,17,111,1182.92,0.658,1942,143369,25.92,19180.36,0.79,498,67,0.039956608,,0,12.4,5278,143901,112.3333333,143975.3333,27.47654337,0.097115855,1.36684246,0.007001971
B4,0,0.457,5422,2149,150730,18089.41,0.797,98,1167,6920.25,0.729,2149,149883,27.64,17986.51,0.797,699,99,0.062891922,,0,37,5609,141005.3333,145,140498,25.05079938,0.090708076,0.279557455,0.013734438
C4,0,0.457,4772,1795,126251,18118.6,0.793,11,104,478.52,0.302,1793,126220,26.45,18139.99,0.792,554,91,0.050502934,,0,111,5065.333333,140114.6667,179.3333333,140564.3333,27.73618256,0.092435628,1.185874215,0.012973154
D4,0,0.457,5630,2120,147028,17698.96,0.792,1,306,8670,0.078,2121,146734,26.06,17637.16,0.792,520,67,0.043872114,,0,333,4717.333333,123426.6667,218.6666667,123329,26.27191498,0.08996112,2.228388224,0.014165957
B5,0,1.37,5444,2080,135418,16868.94,0.81,6,145,2195.83,0.416,2079,134810,24.76,16814.43,0.81,801,142,0.082108744,,0,1000,4698.666667,106098.6667,533.6666667,105895.6667,22.76481642,0.043850364,2.953167664,0.008148176
C5,0,1.37,5151,1945,130094,17460.17,0.799,1,17,481.67,0.111,1945,130094,25.26,17460.17,0.799,650,124,0.068918657,,750,0.050666667,5912.333333,139377.3333,127976,89118.33333,14.97744592,0.00352294,2.31657545,0.001397697
D5,0,1.37,5576,2151,134566,16266.55,0.803,14,449,4278.33,0.308,2152,134576,24.13,16262.37,0.803,645,130,0.05989957,,750,0.152,6230.333333,255604,48365.66667,219009.6667,35.14209568,0.045088183,1.812450586,0.004211743
B6,0,4.12,5667,2212,153455,18124.93,0.804,4,440,12466.67,0.397,2212,153455,27.08,18124.93,0.804,704,174,0.075701429,,750,0.457,5990,246864.3333,59336.33333,208466.3333,34.77938744,0.072569642,0.904947348,0.006152415
C6,0,4.12,4791,1849,126014,17467.59,0.813,5,212,4948.89,0.249,1849,125993,26.30,17464.89,0.813,918,196,0.102275099,,750,1.37,6142.333333,272137.3333,63283.66667,227398.6667,37.03534183,0.087317224,1.866275064,0.006019596
D6,0,4.12,6083,2308,146502,16345.16,0.808,0,0,0,0,2308,146502,24.08,16345.16,0.808,694,156,0.071346375,,750,4.12,6409.666667,274122.6667,63685,228461,35.60239677,0.101483544,1.09675117,0.009810731
B7,0,12.4,4935,2159,143882,17161.38,0.805,3,54,1530,0.284,2159,143882,29.16,17161.38,0.805,855,211,0.109827761,,750,12.4,5961.00,252952.3333,63397.66667,205994.3333,34.56137729,0.116115914,2.216596768,0.017644778
C7,0,12.4,4841,2254,137995,15585.46,0.803,1,10,283.33,0.111,2254,137995,28.51,15585.46,0.803,728,182,0.095847965,,750,37,6228.50,276439.50,54451.50,237825.50,38.19,0.13,0.379644548,0.039673072
D7,0,12.4,6058,2294,149826,16720.62,0.797,10,273,1847.74,0.298,2295,150049,24.77,16735.97,0.796,927,199,0.085671839,,750,111,6397.50,287904.50,65502.00,242318.50,37.89,0.09,1.16765868,0.00179719
B8,0,37,5515,2494,141029,14579.25,0.817,12,151,937.83,0.248,2482,139589,25.31,14512.78,0.817,926,238,0.114596555,,750,333,5787.50,284785.50,53893.00,245214.50,42.38,0.09,1.701966123,0.007181265
C8,0,37,5657,2377,143402,15424.77,0.808,1,2,56.67,0.111,2377,143402,25.35,15424.77,0.808,914,187,0.090507336,,750,1000,5186.333333,291226.6667,56850.33333,237335.3333,45.83846672,0.067688454,3.178543428,0.003644593
D8,0,37,5655,2209,138585,15788.25,0.81,11,282,2890,0.18,2209,138503,24.49,15780.5,0.81,794,127,0.067020336,,,,,,,,,,,
B9,0,111,5098,2203,151656,17536.78,0.801,8,214,2769.58,0.309,2203,151651,29.75,17536.23,0.801,990,216,0.114358572,,,,,,,,,,,
C9,0,111,5102,2108,140578,17194.64,0.802,12,186,530.61,0.204,2101,141936,27.82,17506.97,0.802,775,160,0.093492748,,,,,,,,,,,
D9,0,111,4996,2204,128110,14826.15,0.808,3,138,3910,0.271,2204,128106,25.64,14825.74,0.808,736,107,0.069455564,,,,,,,,,,,
B10,0,333,4360,2103,132165,16403.82,0.811,29,97,973.77,0.644,2103,132128,30.30,16399.65,0.811,715,188,0.110091743,,,,,,,,,,,
C10,0,333,5002,2160,129630,15368.17,0.825,3,93,1360,0.213,2160,129546,25.90,15357.54,0.824,624,211,0.097161136,,,,,,,,,,,
D10,0,333,4790,2026,108485,13822.66,0.812,5,466,7782.22,0.263,2028,108313,22.61,13787.03,0.812,496,102,0.06263048,,,,,,,,,,,
B11,0,1000,4598,2483,102210,10315.2,0.841,63,595,6955.83,0.372,2479,101893,22.16,10295.83,0.841,220,74,0.039364941,,,,,,,,,,,
C11,0,1000,4425,2484,124875,13305.33,0.852,278,885,6135.19,0.758,2486,124587,28.16,13261.88,0.851,270,104,0.059661017,,,,,,,,,,,
D11,0,1000,5073,2330,91211,10088.63,0.839,9,121,2554.72,0.419,2330,91207,17.98,10088.21,0.839,223,59,0.032525133,,,,,,,,,,,
E2,750,0.050777778,6344,6130,171635,7202.15,0.848,10059,146758,3617.53,0.956,6658,117367,18.50,4670,0.794,54,9,0.006147541,,,,,,,,,,,
F2,750,0.050777778,5808,4748,110072,5871.15,0.865,10466,142448,3436.1,0.958,4555,61623,10.61,3450.54,0.827,12,1,0.00137741,,,,,,,,,,,
G2,750,0.050777778,5585,6214,136425,5622.19,0.867,10337,94722,2330.79,0.958,6678,88365,15.82,3392.09,0.803,16,2,0.003043868,,,,,,,,,,,
E3,750,0.152333333,6264,7197,236893,8460.25,0.845,4360,51503,2933.13,0.915,7565,202719,32.36,6955.36,0.791,723,60,0.048690932,,,,,,,,,,,
F3,750,0.152333333,6132,7322,256871,8997.85,0.848,4390,50154,2882.72,0.924,6784,211657,34.52,8018.81,0.808,519,37,0.036692759,,,,,,,,,,,
G3,750,0.152333333,6295,6718,273048,10393.56,0.834,3335,43440,3300.53,0.925,6643,242653,38.55,9351.35,0.795,739,63,0.049880858,,,,,,,,,,,
E4,750,0.457,5756,8911,235741,6747.04,0.847,5975,70350,2984.17,0.91,9583,190664,33.12,5061.36,0.797,841,93,0.082870049,,,,,,,,,,,
F4,750,0.457,5975,8713,254956,7514.89,0.843,5603,66795,3031.97,0.913,8782,216542,36.24,6304.01,0.801,698,79,0.061589958,,,,,,,,,,,
G4,750,0.457,6239,7059,249896,9052.17,0.845,3552,40864,2944.68,0.925,7192,218193,34.97,7747.14,0.796,872,106,0.073248918,,,,,,,,,,,
E5,750,1.37,5921,9861,284796,7381.85,0.848,7556,86279,2910.72,0.906,10576,225045,38.01,5428.15,0.793,954,118,0.093903057,,,,,,,,,,,
F5,750,1.37,6242,9235,256069,7116.27,0.853,5538,63756,2997.09,0.921,9269,208659,33.43,5749.19,0.809,845,94,0.075296379,,,,,,,,,,,
G5,750,1.37,6264,7829,275547,8996.5,0.843,3786,39816,2720.49,0.927,7771,248492,39.67,8170.96,0.805,1042,131,0.092752235,,,,,,,,,,,
E6,750,4.12,6171,10616,262905,6289.75,0.85,7612,75254,2532.31,0.916,11328,208695,33.82,4682.22,0.791,1180,161,0.113271755,,,,,,,,,,,
F6,750,4.12,6463,9376,281011,7733.75,0.848,6047,63742,2696.62,0.914,9389,228717,35.39,6340.97,0.804,1037,115,0.082005261,,,,,,,,,,,
G6,750,4.12,6595,8948,278452,7985.08,0.852,4435,52059,3058.5,0.929,9143,247971,37.60,6960.67,0.807,1214,205,0.109173616,,,,,,,,,,,
E7,750,12.4,5529,8097,219185,6935.64,0.853,6305,73093,2980.85,0.903,8769,176133,31.86,5147.97,0.794,1220,252,0.151383614,,,,,,,,,,,
F7,750,12.4,6478,10070,266388,6730.78,0.861,6492,70521,2898.24,0.924,10153,212947,32.87,5355.81,0.814,893,145,0.097406607,,,,,,,,,,,
G7,750,12.4,5876,9145,273284,7722.87,0.855,4863,46579,2500.27,0.931,9239,228903,38.96,6415.85,0.813,950,158,0.099557522,,,,,,,,,,,
E8,750,37,6188,11056,303375,7087.43,0.852,7757,80836,2625.88,0.913,11794,239175,38.65,5253.56,0.801,1073,122,0.093568197,,,,,,,,,,,
F8,750,37,3612,2209,89538,9330.5,0.87,1210,18827,3789.04,0.889,2270,63230,17.51,7242.57,0.795,12,0,0.000830565,,,,,,,,,,,
G8,750,37,6269,6923,249504,9378.56,0.853,2634,28067,2738.92,0.945,6875,236476,37.72,8969.94,0.821,1438,411,0.17291434,,,,,,,,,,,
E9,750,111,3735,2220,40721,4115.66,0.82,833,8164,2792.95,0.924,2260,33491,8.97,3602.62,0.835,1,0,0,,,,,,,,,,,
F9,750,111,6447,10326,279724,7071.41,0.851,6090,62112,2715.49,0.924,10410,235045,36.46,5951.91,0.813,1022,133,0.092756321,,,,,,,,,,,
G9,750,111,6348,9267,296085,8173.77,0.849,5093,68892,3490.41,0.92,9659,249592,39.32,6638.99,0.811,1063,142,0.089161941,,,,,,,,,,,
E10,750,333,1240,5868,149147,6537.66,0.866,3015,33469,2866.03,0.911,6048,112176,90.46,4755.88,0.786,71,36,0.075806452,,,,,,,,,,,
F10,750,333,5820,9452,270858,7415.09,0.849,5317,58061,2792.32,0.917,9766,234528,40.30,6192.17,0.808,1086,115,0.097594502,,,,,,,,,,,
G10,750,333,5755,8304,298713,9232.89,0.848,4356,49725,2925.92,0.917,8579,255901,44.47,7670.37,0.803,926,114,0.083231972,,,,,,,,,,,
E11,750,1000,5169,8841,282963,8160.05,0.844,5588,71601,3341.49,0.905,9759,213390,41.28,5577.39,0.781,505,97,0.068678661,,,,,,,,,,,
F11,750,1000,5366,9985,288803,7416.38,0.844,4445,55690,3240.79,0.916,10533,237589,44.28,5793.87,0.8,495,76,0.060939247,,,,,,,,,,,
G11,750,1000,5024,9682,301914,8002.39,0.843,3539,43260,3177.97,0.927,10068,261027,51.96,6658.37,0.807,488,87,0.073447452,,,,,,,,,,,
,,,,,,,,,,,,,,,,,,,,,,,,,,,,,,
cracked wells,,,,,,,,,,,,,,,,,,,,,,,,,,,,,,
,,,,,,,,,,,,,,,,,,,,,,,,,,,,,,
,,,,,,,,,,,,,,,,,,,,,,,,,,,,,,
,,,,,,,,,,,,,,,,,,,,,,,,,,,,,,
,,,,,,,,,,,,,,,,,,,,,,,,,,,,,,
,,,,,,,,,,,,,,,,,,,,,,,,,,,,,,
,,,,,,,,,,,,,,,,,,,,,,,,,,,,,,
,,,,,,,,,,,,,,,,,,,,,,,,,,,,,,
,,,,,,,,,,,,,,,,,,,,,,,,,,,,,,
,,,,,,,,,,,,,,,,,,,,,,,,,,,,,,
,,,,,,,,,,,,,,,,,,,,,,,,,,,,,,
,,,,,,,,,,,,,,,,,,,,,,,,,,,,,,
,,,,,,,,,,,,,,,,,,,,,,,,,,,,,,
,,,,,,,,,,,,,,,,,,,,,,,,,,,,,,
,,,,,,,,,,,,,,,,,,,,,,,,,,,,,,
,,,,,,,,,,,,,,,,,,,,,,,,,,,,,,
,,,,,,,,,,,,,,,,,,,,,,,,,,,,,,
,,,,,,,,,,,,,,,,,,,,,,,,,,,,,,
,,,,,,,,,,,,,,,,,,,,,,,,,,,,,,
,,,,,,,,,,,,,,,,,,,,,,,,,,,,,,
,,,,,,,,,,,,,,,,,,,,,,,,,,,,,,
,,,,,,,,,,,,,,,,,,,,,,,,,,,,,,
,,,,,,,,,,,,,,,,,,,,,,,,,,,,,,
,,,,,,,,,,,,,,,,,,,,,,,,,,,,,,
,,,,,,,,,,,,,,,,,,,,,,,,,,,,,,
,,,,,,,,,,,,,,,,,,,,,,,,,,,,,,
,,,,,,,,,,,,,,,,,,,,,,,,,,,,,,
,,,,,,,,,,,,,,,,,,,,,,,,,,,,,,
,,,,,,,,,,,,,,,,,,,,,,,,,,,,,,
,,,,,,,,,,,,,,,,,,,,,,,,,,,,,,
,,,,,,,,,,,,,,,,,,,,,,,,,,,,,,
,,,,,,,,,,,,,,,,,,,,,,,,,,,,,,
,,,,,,,,,,,,,,,,,,,,,,,,,,,,,,
,,,,,,,,,,,,,,,,,,,,,,,,,,,,,,
,,,,,,,,,,,,,,,,,,,,,,,,,,,,,,
,,,,,,,,,,,,,,,,,,,,,,,,,,,,,,
,,,,,,,,,,,,,,,,,,,,,,,,,,,,,,
,,,,,,,,,,,,,,,,,,,,,,,,,,,,,,
,,,,,,,,,,,,,,,,,,,,,,,,,,,,,,
,,,,,,,,,,,,,,,,,,,,,,,,,,,,,,
,,,,,,,,,,,,,,,,,,,,,,,,,,,,,,
,,,,,,,,,,,,,,,,,,,,,,,,,,,,,,
,,,,,,,,,,,,,,,,,,,,,,,,,,,,,,
,,,,,,,,,,,,,,,,,,,,,,,,,,,,,,
,,,,,,,,,,,,,,,,,,,,,,,,,,,,,,
,,,,,,,,,,,,,,,,,,,,,,,,,,,,,,
,,,,,,,,,,,,,,,,,,,,,,,,,,,,,,
,,,,,,,,,,,,,,,,,,,,,,,,,,,,,,
,,,,,,,,,,,,,,,,,,,,,,,,,,,,,,
,,,,,,,,,,,,,,,,,,,,,,,,,,,,,,
,,,,,,,,,,,,,,,,,,,,,,,,,,,,,,
,,,,,,,,,,,,,,,,,,,,,,,,,,,,,,
,,,,,,,,,,,,,,,,,,,,,,,,,,,,,,
,,,,,,,,,,,,,,,,,,,,,,,,,,,,,,
,,,,,,,,,,,,,,,,,,,,,,,,,,,,,,
,,,,,,,,,,,,,,,,,,,,,,,,,,,,,,
,,,,,,,,,,,,,,,,,,,,,,,,,,,,,,
,,,,,,,,,,,,,,,,,,,,,,,,,,,,,,
,,,,,,,,,,,,,,,,,,,,,,,,,,,,,,
,,,,,,,,,,,,,,,,,,,,,,,,,,,,,,
,,,,,,,,,,,,,,,,,,,,,,,,,,,,,,